,ax_g,ay_g,az_g,mic_raw,temp_C,vibration_magnitude
count,126.0,126.0,126.0,126.0,126.0,126.0
mean,-0.0722222222222222,0.4111111111111111,0.865952380952381,122507.07936507936,26.99428571428572,1.0300459931613664
std,0.14165246987688643,0.2545402827757437,0.2878365607671926,577467.1087137221,2.746308774649035,0.17238936738671412
min,-1.01,-0.66,-1.26,17330.0,24.07,0.452658811910251
25%,-0.135,0.19,0.85,24837.5,24.955,1.005186549850325
50%,-0.04,0.51,0.87,44949.0,25.28,1.0113604695601675
75%,-0.0225,0.54,0.9575,86444.0,28.73,1.0143101083490933
max,0.43,1.44,2.04,6496218.0,33.83,2.1248999976469483
